sheet,role_title,staff_name,sales_code,branch,period,kpi_order,perspective,perspective_weight,measure,key_initiative,weight,target,ytd_target,actual,pct_achievement,weighted,actuals_sheet,ytd_over_annual
BOM_SCORECARD,Branch Operations Manager,Joseph Kinuthia,,Naivasha,Q2_Jun_2026,1,Financials,0.24,Active Clients,Active Customers - Two Months (Branch Active Customers Score),0.08,1,1,0.07878787878787878,0.07878787878787878,0.0063030303030303025,Active_Customers,1.0
BOM_SCORECARD,Branch Operations Manager,Joseph Kinuthia,,Naivasha,Q2_Jun_2026,2,Financials,0.24,NPL Management,Reduce P&L provisions as per target,0.08,-434037.47640330624,-217018.73820165312,-5269745.666042194,0,0,PL_Charge,0.5
BOM_SCORECARD,Branch Operations Manager,Joseph Kinuthia,,Naivasha,Q2_Jun_2026,3,Financials,0.24,Dormancy Reactivation,Accounts activated (Branch Dormancy score),0.08,0.3840654055787111,0.3840654055787111,0.534786790638025,0.392436764337591,0.031394941147007284,RE_activation,1.0
BOM_SCORECARD,Branch Operations Manager,Joseph Kinuthia,,Naivasha,Q2_Jun_2026,4,Customer Experience,0.25,NPS,Achieve a net promoter  score of 60%,0.1,0.6,0.6,0.39999999999999997,0.6666666666666666,0.06666666666666667,NPS,1.0
BOM_SCORECARD,Branch Operations Manager,Joseph Kinuthia,,Naivasha,Q2_Jun_2026,5,Customer Experience,0.25,TAT (AO),PB AO TAT OF 1 Day,0.05,< 1 Day,1,1.761689814814816,0.5,0.025,Account_Opening_PB,
BOM_SCORECARD,Branch Operations Manager,Joseph Kinuthia,,Naivasha,Q2_Jun_2026,6,Customer Experience,0.25,TAT (AO),BB AO  TAT of 1 day,0.05,< 1 Day,1,0.09815393518518518,1,0.05,Account_Opening_BB,
BOM_SCORECARD,Branch Operations Manager,Joseph Kinuthia,,Naivasha,Q2_Jun_2026,7,Customer Experience,0.25,TAT (Loan),As per SLA of the different products,0.05,< 2 Days,2,15.341787902524478,0,0,Branch_Loan_TAT,
BOM_SCORECARD,Branch Operations Manager,Joseph Kinuthia,,Naivasha,Q2_Jun_2026,8,Group Synergies,0.05,Property Sales,As per assigned team referral targets (2 per year),0.025,2,1,0x17,0x17,0x17,HFDI_Volume,0.5
BOM_SCORECARD,Branch Operations Manager,Joseph Kinuthia,,Naivasha,Q2_Jun_2026,9,Group Synergies,0.05,VIC Gross volume Writen Premiums,As per asigned team referral targets (4 per year),0.025,4,2,0,0,0,VIC,0.5
BOM_SCORECARD,Branch Operations Manager,Joseph Kinuthia,,Naivasha,Q2_Jun_2026,10,Operational Excellence,0.31,Branch Audit,Annual audit score of 1.65,0.08,1,1,1,1,0.08,Branch_Audit,1.0
BOM_SCORECARD,Branch Operations Manager,Joseph Kinuthia,,Naivasha,Q2_Jun_2026,11,Operational Excellence,0.31,Branch Audit,Achieve 85% audit implementation score,0.08,0.85,0.85,0.89,1.0470588235294118,0.08376470588235295,Branch_Audit_Resolution,1.0
BOM_SCORECARD,Branch Operations Manager,Joseph Kinuthia,,Naivasha,Q2_Jun_2026,12,Group Synergies,0.15,Branch Audit,Annual Compliance score of 90% and above,0.05,0.9,0.9,0.94,1.0444444444444443,0.05222222222222222,Branch_Audit_Compliance,1.0
BOM_SCORECARD,Branch Operations Manager,Joseph Kinuthia,,Naivasha,Q2_Jun_2026,13,Group Synergies,0.15,Operation Lossess,Nil operation losses / Frauds,0.1,0,0,0,1,0.1,Operation_Lossess,
BOM_SCORECARD,Branch Operations Manager,Joseph Kinuthia,,Naivasha,Q2_Jun_2026,14,Staff Engagement,0.15,Team Productivity,"Ensure Direct Team (CSO, Teller)  productivity scorecard is above 80%",0.1,0.8,0.8,0.6941826968233817,0.8677283710292272,0.08677283710292272,Sales_Productivity,1.0
BOM_SCORECARD,Branch Operations Manager,Joseph Kinuthia,,Naivasha,Q2_Jun_2026,15,Staff Engagement,0.15,Training hours,Achieve training hours as per assigned target,0.05,48,24,89,1.2,0.06,Training_hours,0.5
BOMCSO,Branch Operations Manager,Ophillea Mukami,,Naivasha,,1,,,BBM Financials,Full branch financials,0.15,,1,0x17,0x17,0x17,BBM_Financials,
BOMCSO,Branch Operations Manager,Ophillea Mukami,,Naivasha,,2,"Customer

(30%)",0.3,NPS,Achieve a net promoter  score of 60%,0.1,,0.6,0x17,0x17,0x17,NPS,
BOMCSO,Branch Operations Manager,Ophillea Mukami,,Naivasha,,3,"Customer

(30%)",0.3,Account Errors,Keep errors under 5 %,0.1,,<5%,0x17,0x17,0x17,Account_Errors,
BOMCSO,Branch Operations Manager,Ophillea Mukami,,Naivasha,,4,"Customer

(30%)",0.3,CRM,100 Complaints logged MOM,0.05,,600,0x17,0x17,0x17,CRM,
BOMCSO,Branch Operations Manager,Ophillea Mukami,,Naivasha,,5,"Customer

(30%)",0.3,KYC,KYC Update(Drive data cleanup through KYC),0.05,,180,0x17,0x17,0x17,KYC,
BOMCSO,Branch Operations Manager,Ophillea Mukami,,Naivasha,,6,Process & Controls,0.45,Branch Audit,Achieve above required audit performance,0.15,,1,0x17,0x17,0x17,Branch_Audit,
BOMCSO,Branch Operations Manager,Ophillea Mukami,,Naivasha,,7,Process & Controls,0.45,RE-activation,Re-activation of innactive customers as per target,0.1,,1,0x17,0x17,0x17,RE_activation,
BOMCSO,Branch Operations Manager,Ophillea Mukami,,Naivasha,,8,Process & Controls,0.45,Operation Lossess,Nill operation losses,0.1,,0,0x17,0x17,0x17,Operation_Lossess,
BOMCSO,Branch Operations Manager,Ophillea Mukami,,Naivasha,,9,Process & Controls,0.45,Cost,Reduce cost by 10%,0.1,,0x17,0x17,0x17,0x17,Cost,
BOMCSO,Branch Operations Manager,Ophillea Mukami,,Naivasha,,10,"Organization Capacity
(People) 
(10%)",0.1,Leave management,"Ensure adherence to the leave policy - develop annual leave schedule, ensure staff go on leave as per the schedule and that no staff crosses over with more than 5 days.",0.05,,0.5,0x17,0x17,0x17,Leave_management,
BOMCSO,Branch Operations Manager,Ophillea Mukami,,Naivasha,,11,"Organization Capacity
(People) 
(10%)",0.1,Training hours,Ensure your teams achieve 48 training hours,0.05,,24,0x17,0x17,0x17,Training_hours,
CSO_SCORECARD,Customer Service,Janet Nabwire,,Buruburu,Q2_Jun_2026,1,Financials,0.2,Digital Onboarding,Onboard 15 Digital customers monthly,0.1,,16,2,0.125,0.0125,Digital_Customers,
CSO_SCORECARD,Customer Service,Janet Nabwire,,Buruburu,Q2_Jun_2026,2,Financials,0.2,Dormancy,Accounts activated must have a tool,0.1,,0.22342137845645896,0.31345439537763103,0.40297404636556733,0.04029740463655673,RE_activation,
CSO_SCORECARD,Customer Service,Janet Nabwire,,Buruburu,Q2_Jun_2026,3,Customer Experience,0.42,CRM,100 Complaints logged MOM,0.1,,200,100,0.5,0.05,CRM,
CSO_SCORECARD,Customer Service,Janet Nabwire,,Buruburu,Q2_Jun_2026,4,Customer Experience,0.42,NPS,Achieve a net promoter score of 60%,0.1,,0.6,0.6756756756756757,1.1261261261261262,0.11261261261261263,NPS,
CSO_SCORECARD,Customer Service,Janet Nabwire,,Buruburu,Q2_Jun_2026,5,Customer Experience,0.42,KYC,KYC Update (Drive data cleanup through KYC),0.1,,60,119,1.2,0.12,KYC,
CSO_SCORECARD,Customer Service,Janet Nabwire,,Buruburu,Q2_Jun_2026,6,Customer Experience,0.42,TAT,PB AO TAT OF 1 Day,0.06,,1,0.02843364197530865,1,0.06,Account_Opening_PB,
CSO_SCORECARD,Customer Service,Janet Nabwire,,Buruburu,Q2_Jun_2026,7,Customer Experience,0.42,TAT,BB AO  TAT of 1 Day,0.06,,1,0,1,0.06,Account_Opening_BB,
CSO_SCORECARD,Customer Service,Janet Nabwire,,Buruburu,Q2_Jun_2026,8,Group Synergies,0.15,CASA,Open 4 funded accounts - Focus,0.1,,24,15,0.625,0.0625,CASA,
CSO_SCORECARD,Customer Service,Janet Nabwire,,Buruburu,Q2_Jun_2026,9,Group Synergies,0.15,Property Sales,As per assigned team referral targets (2 per year),0.025,,1,0x17,0x17,0x17,HFDI_Volume,
CSO_SCORECARD,Customer Service,Janet Nabwire,,Buruburu,Q2_Jun_2026,10,Group Synergies,0.15,VIC Gross volume Written Premiums,As per asigned team referral targets(4 per year),0.025,,2,2,1,0.025,VIC,
CSO_SCORECARD,Customer Service,Janet Nabwire,,Buruburu,Q2_Jun_2026,11,Operational Excellence,0.18,Branch Audit,Annual audit score of 1.65,0.1,,1,1,1,0.1,Branch_Audit,
CSO_SCORECARD,Customer Service,Janet Nabwire,,Buruburu,Q2_Jun_2026,12,Operational Excellence,0.18,Branch Audit,Resolve 85% of Repeat finding,0.08,,0.85,0.82,0.9647058823529412,0.07717647058823529,Branch_Audit_Resolution,
CSO_SCORECARD,Customer Service,Janet Nabwire,,Buruburu,Q2_Jun_2026,13,Staff Engagement,0.05,Training hours,Achieve training hours as per assigned target,0.05,,24,30,1.2,0.06,Training_hours,
CSO_UB_SCORECARD,Customer Service,Anne Nduku Muthama,,Rehani,Q2_Jun_2026,1,Financials,0.27,Active Clients,Active ultimate customers (1month) (Ultimate Active Customer Score),0.05,,1,-0.3041958041958042,0,0,Active_Customers,
CSO_UB_SCORECARD,Customer Service,Anne Nduku Muthama,,Rehani,Q2_Jun_2026,2,Financials,0.27,Digital Activation,Digitally active Ultimate customers (Ultimate Digital Active Score),0.05,,1,-1.025,0,0,Digital_Activation,
CSO_UB_SCORECARD,Customer Service,Anne Nduku Muthama,,Rehani,Q2_Jun_2026,3,Financials,0.27,CASA,Open 6 funded accounts- per month (Average from Ultimate RMs),0.1,,36,33.6,0.9333333333333333,0.09333333333333334,CASA,
CSO_UB_SCORECARD,Customer Service,Anne Nduku Muthama,,Rehani,Q2_Jun_2026,4,Financials,0.27,Dormancy,Accounts activated (Ultimate Dormancy Score),0.07,,0.13776237623762377,0.1893069306930693,0.37415552680753184,0.02619088687652723,RE_activation,
CSO_UB_SCORECARD,Customer Service,Anne Nduku Muthama,,Rehani,Q2_Jun_2026,5,Customer Experience,0.51,ULTIMATE TAT,AO TAT of 1 day on accounts opened by Ultimate RMs only,0.1,,1,9.809169904096423,0,0,Account_Opening_UB,
CSO_UB_SCORECARD,Customer Service,Anne Nduku Muthama,,Rehani,Q2_Jun_2026,6,Customer Experience,0.51,CRM,20 UB queries logged in CRM MOM,0.15,,120,688,1.2,0.18,CRM,
CSO_UB_SCORECARD,Customer Service,Anne Nduku Muthama,,Rehani,Q2_Jun_2026,7,Customer Experience,0.51,NPS,Achieve a net promoter  score of 60% (Segment),0.15,,0.6,0.4358974358974359,0.7264957264957266,0.10897435897435899,NPS,
CSO_UB_SCORECARD,Customer Service,Anne Nduku Muthama,,Rehani,Q2_Jun_2026,8,Customer Experience,0.51,KYC,KYC Update(Drive data cleanup through KYC),0.04,,60,26,0.43333333333333335,0.017333333333333336,KYC,
CSO_UB_SCORECARD,Customer Service,Anne Nduku Muthama,,Rehani,Q2_Jun_2026,9,Customer Experience,0.51,Customer Feedback,Achieve 3 Ultimate Banking client compliments,0.03,,18,18,1,0.03,,
CSO_UB_SCORECARD,Customer Service,Anne Nduku Muthama,,Rehani,Q2_Jun_2026,10,Customer Experience,0.51,Errors,Keep errors under 5% for Ultimate RMs accs,0.04,,<5%,0,1,0.04,RBO_Account_Errors,
CSO_UB_SCORECARD,Customer Service,Anne Nduku Muthama,,Rehani,Q2_Jun_2026,11,Group Synergies,0.1,Property Sales,As per assigned team referral targets (2 per year),0.05,,1,0x17,0x17,0x17,HFDI_Volume,
CSO_UB_SCORECARD,Customer Service,Anne Nduku Muthama,,Rehani,Q2_Jun_2026,12,Group Synergies,0.1,VIC Gross volume Writen Premiums,As per asigned team referral targets(4 per year),0.05,,2,7,2,0.1,VIC,
CSO_UB_SCORECARD,Customer Service,Anne Nduku Muthama,,Rehani,Q2_Jun_2026,13,Strategic Initiatives,0.07,Events,Support 2 bi-annual events for Ultimate Banking,0.04,,2,4,1.2,0.048,Events,
CSO_UB_SCORECARD,Customer Service,Anne Nduku Muthama,,Rehani,Q2_Jun_2026,14,Strategic Initiatives,0.07,TDs,Track UB Term Deposit renewals,0.03,,1,1,1,0.03,,
CSO_UB_SCORECARD,Customer Service,Anne Nduku Muthama,,Rehani,Q2_Jun_2026,15,Staff Engagement,0.05,Training hours,Achieve training hours as per assigned target,0.05,,24,45,1.2,0.06,Training_hours,
CSM_DB_SCORECARD,Client Service Manager,Hilda Chemutai,,Diaspora Banking,Q2_Jun_2026,1,Financials,0.15,New Diaspora customers,> 2 Active Products,0.025,,30,2,0.06666666666666667,0.0016666666666666668,New_Customers,
CSM_DB_SCORECARD,Client Service Manager,Hilda Chemutai,,Diaspora Banking,Q2_Jun_2026,2,Financials,0.15,Digital Activation,Digitally active Diaspora customers (Diaspora Digital Active Score),0.025,,1,-0.6363636363636364,0,0,Digital_Activation,
CSM_DB_SCORECARD,Client Service Manager,Hilda Chemutai,,Diaspora Banking,Q2_Jun_2026,3,Financials,0.15,Term Deposits,Track Diaspora Term Deposit renewals( Retain 80% of renewals),0.05,,6,0,0,0,,
CSM_DB_SCORECARD,Client Service Manager,Hilda Chemutai,,Diaspora Banking,Q2_Jun_2026,4,Financials,0.15,NPL,Reduce  P&L provisions (From Diaspora),0.05,,1,0,0,0,,
CSM_DB_SCORECARD,Client Service Manager,Hilda Chemutai,,Diaspora Banking,Q2_Jun_2026,5,Customer Experience,0.6,DIASPORA  TAT,"Weigted TAT (SLA,Service standards, query response time)",0.1,,1,1,1,0.1,Weighted_TAT,
CSM_DB_SCORECARD,Client Service Manager,Hilda Chemutai,,Diaspora Banking,Q2_Jun_2026,6,Customer Experience,0.6,CRM,50 DB queries logged in CRM MOM,0.2,,300,282,0.94,0.188,CRM,
CSM_DB_SCORECARD,Client Service Manager,Hilda Chemutai,,Diaspora Banking,Q2_Jun_2026,7,Customer Experience,0.6,NPS,Achieve a net promoter  score of 60% (Segment),0.15,,0.6,0.7,1.1666666666666667,0.17500000000000002,NPS,
CSM_DB_SCORECARD,Client Service Manager,Hilda Chemutai,,Diaspora Banking,Q2_Jun_2026,8,Customer Experience,0.6,KYC,KYC Update (Drive data cleanup through KYC),0.05,,24,40,1.2,0.06,KYC,
CSM_DB_SCORECARD,Client Service Manager,Hilda Chemutai,,Diaspora Banking,Q2_Jun_2026,9,Customer Experience,0.6,Customer Journey,Document and approve the customer servicing model with all touch points - including lending,0.05,,1,0,0,0,,
CSM_DB_SCORECARD,Client Service Manager,Hilda Chemutai,,Diaspora Banking,Q2_Jun_2026,10,Customer Experience,0.6,Customer Feedback,Achieve 3 Diaspora Banking client compliments,0.05,,18,18,1,0.05,,
CSM_DB_SCORECARD,Client Service Manager,Hilda Chemutai,,Diaspora Banking,Q2_Jun_2026,11,Group Synergies,0.1,Number of properties,As per assigned targets (3 per year),0.025,,1.5,0x17,0x17,0x17,HFDI_Volume,
CSM_DB_SCORECARD,Client Service Manager,Hilda Chemutai,,Diaspora Banking,Q2_Jun_2026,12,Group Synergies,0.1,Value of properties,As per assigned targets,0.025,,12300000,0x17,0x17,0x17,HFDI_Value,
CSM_DB_SCORECARD,Client Service Manager,Hilda Chemutai,,Diaspora Banking,Q2_Jun_2026,13,Group Synergies,0.1,VIC Gross volume Written Premiums,life policies as per assigned target,0.025,,2,0,0,0,VIC_Life,
CSM_DB_SCORECARD,Client Service Manager,Hilda Chemutai,,Diaspora Banking,Q2_Jun_2026,14,Group Synergies,0.1,VIC Gross volume Written Premiums,non-life as per assigned Target,0.025,,2,0,0,0,VIC_Non_Life,
CSM_DB_SCORECARD,Client Service Manager,Hilda Chemutai,,Diaspora Banking,Q2_Jun_2026,15,Operational Excellence,0.1,Events,"Support monthly engagements for Diaspora Banking- Including events,webinars & activations",0.05,,6,3,0.5,0.025,Events,
CSM_DB_SCORECARD,Client Service Manager,Hilda Chemutai,,Diaspora Banking,Q2_Jun_2026,16,Operational Excellence,0.1,Audit,Department audit score,0.05,,1.65,1.64,1.006060606060606,0.05030303030303031,Diaspora_Audit,
CSM_DB_SCORECARD,Client Service Manager,Hilda Chemutai,,Diaspora Banking,Q2_Jun_2026,17,Staff Engagement,0.05,Training hours,Achieve training hours as per assigned target,0.05,,24,40.5,1.2,0.06,Training_hours,
CASH_TELLER_SCORECARD,Teller,,,Rehani,Q2_Jun_2026,1,Financials,0.15,CASA,Open 4 funded accounts- Focus,0.075,,24,0,0,0,CASA,
CASH_TELLER_SCORECARD,Teller,,,Rehani,Q2_Jun_2026,2,Financials,0.15,Digital Onboarding,80% of RTGS transactions to be online,0.075,,0.8,0.12195767195767196,0.15244708994708994,0.011433531746031745,Branch_RTGS,
CASH_TELLER_SCORECARD,Teller,,,Rehani,Q2_Jun_2026,3,Customer Experience,0.2,TAT,PB AO TAT OF 1 Day,0.05,,1,0.0572228313840156,1,0.05,Account_Opening_PB,
CASH_TELLER_SCORECARD,Teller,,,Rehani,Q2_Jun_2026,4,Customer Experience,0.2,TAT,BB AO TAT OF 1 Day,0.05,,1,0,1,0.05,Account_Opening_BB,
CASH_TELLER_SCORECARD,Teller,,,Rehani,Q2_Jun_2026,5,Customer Experience,0.2,NPS,Achieve a net promoter score of above 60%,0.1,,0.6,0.6615384615384615,1.1025641025641026,0.11025641025641027,NPS,
CASH_TELLER_SCORECARD,Teller,,,Rehani,Q2_Jun_2026,6,Group Synergies,0.05,Property Sales,As per assigned team referral targets (2 per year),0.025,,1,0x17,0x17,0x17,HFDI_Volume,
CASH_TELLER_SCORECARD,Teller,,,Rehani,Q2_Jun_2026,7,Group Synergies,0.05,VIC Gross volume Written Premiums,As per asigned team referral targets(4 per year),0.025,,2,0,0,0,VIC,
CASH_TELLER_SCORECARD,Teller,,,Rehani,Q2_Jun_2026,8,Operational Excellence,0.55,Branch Audit,Annual audit score of 1.65,0.1,,1,0.8,0.8,0.08000000000000002,Branch_Audit,
CASH_TELLER_SCORECARD,Teller,,,Rehani,Q2_Jun_2026,9,Operational Excellence,0.55,Branch Audit,Resolve 85% of Repeat finding,0.1,,0.85,0.82,0.9647058823529412,0.09647058823529413,Branch_Audit_Resolution,
CASH_TELLER_SCORECARD,Teller,,,Rehani,Q2_Jun_2026,10,Operational Excellence,0.55,Operation Losses,Nill operation losses/Cash differences,0.1,,0,0,1,0.1,Operation_Lossess,
CASH_TELLER_SCORECARD,Teller,,,Rehani,Q2_Jun_2026,11,Operational Excellence,0.55,Cash Management,Accuracy of cash repatriated ..Nill CBK fines,0.25,,0,0,1,0.25,Cash_management,
CASH_TELLER_SCORECARD,Teller,,,Rehani,Q2_Jun_2026,12,Staff Engagement,0.05,Training hours,Achieve training hours as per assigned target,0.05,,24,49,1,0.05,Training_hours,
TELLER_SCORECARD,Teller,,,Nanyuki,Q2_Jun_2026,1,Financials,0.15,Account Opening,Open 4 funded accounts - Focus,0.075,,24,17,0.7083333333333334,0.053125,CASA,
TELLER_SCORECARD,Teller,,,Nanyuki,Q2_Jun_2026,2,Financials,0.15,Digital Onboarding,80% of RTGS transactions to be online,0.075,,0.8,0.5522388059701493,0.6902985074626866,0.051772388059701496,Branch_RTGS,
TELLER_SCORECARD,Teller,,,Nanyuki,Q2_Jun_2026,3,Customer Experience,0.3,KYC,KYC Update(Drive data clenup through KYC),0.05,,180,75,0.4166666666666667,0.020833333333333336,KYC,
TELLER_SCORECARD,Teller,,,Nanyuki,Q2_Jun_2026,4,Customer Experience,0.3,Customer feedback,Nil client complaints,0.075,,0,0,1,0.075,,
TELLER_SCORECARD,Teller,,,Nanyuki,Q2_Jun_2026,5,Customer Experience,0.3,Customer feedback,Achieve 5 client compliments,0.075,,30,30,1,0.075,,
TELLER_SCORECARD,Teller,,,Nanyuki,Q2_Jun_2026,6,Customer Experience,0.3,NPS,Achieve a net promoter score of 60%,0.1,,0.6,0.6111111111111112,1.0185185185185186,0.10185185185185186,NPS,
TELLER_SCORECARD,Teller,,,Nanyuki,Q2_Jun_2026,7,Group Synergies,0.05,Property Sales,As per assigned team referral targets (2 per year),0.025,,1,0,0,0,HFCB_Properties_Volume,
TELLER_SCORECARD,Teller,,,Nanyuki,Q2_Jun_2026,8,Group Synergies,0.05,VIC Gross volume Written Premiums,As per asigned team referral targets(4 per year),0.025,,2,0,0,0,VIC,
TELLER_SCORECARD,Teller,,,Nanyuki,Q2_Jun_2026,9,Operational Excellence,0.45,Branch Audit,Annual audit score of 1.65,0.1,,1,1,1,0.1,Branch_Audit,
TELLER_SCORECARD,Teller,,,Nanyuki,Q2_Jun_2026,10,Operational Excellence,0.45,Operation Losses,Nill operation losses/Cash differences,0.1,,0,0,1,0.1,Operation_Lossess,
TELLER_SCORECARD,Teller,,,Nanyuki,Q2_Jun_2026,11,Operational Excellence,0.45,Productivity,Teller Transactions as per Target,0.25,,43,51.2,1.1906976744186046,0.29767441860465116,Trx_Productivity,
TELLER_SCORECARD,Teller,,,Nanyuki,Q2_Jun_2026,12,Staff Management,0.05,Training hours,Achieve training hours as per assigned target,0.05,,24,23,0.9583333333333334,0.04791666666666667,Training_hours,
RBO_SCORECARD,Account Opening Officer,Dius Muraguri,,,Q2_Jun_2026,1,Process and Controls,0.85,Account Opening,Work on 30 accounts per day.,0.3,,30,16,0.5333333333333333,0.16,CASA,
RBO_SCORECARD,Account Opening Officer,Dius Muraguri,,,Q2_Jun_2026,2,Process and Controls,0.85,Account Opening,PB AO TAT OF 1 Day,0.15,,1,48.205803832182724,0,0,Account_Opening_PB,
RBO_SCORECARD,Account Opening Officer,Dius Muraguri,,,Q2_Jun_2026,3,Process and Controls,0.85,Account Opening,BB AO  TAT of 1 Day,0.15,,1,63.641671692723975,0,0,Account_Opening_BB,
RBO_SCORECARD,Account Opening Officer,Dius Muraguri,,,Q2_Jun_2026,4,Process and Controls,0.85,Returns,Achieve less than 10% returns from governance on 35 rims actioned on.,0.1,,0.1,0.1525974025974026,0,0,RBO_Account_Errors,
RBO_SCORECARD,Account Opening Officer,Dius Muraguri,,,Q2_Jun_2026,5,Process and Controls,0.85,NPS,Achieve a net promoter score of 60%,0.05,,0.6,0.505391304347826,0.84231884057971,0.0421159420289855,NPS,
RBO_SCORECARD,Account Opening Officer,Dius Muraguri,,,Q2_Jun_2026,6,Process and Controls,0.85,Tools,Achieve TAT of 1 day for mobile banking onboarding.,0.05,,1,0,1,0.05,,
RBO_SCORECARD,Account Opening Officer,Dius Muraguri,,,Q2_Jun_2026,7,Process and Controls,0.85,Operation Losses,Nill tolerance on operational losses as a result of account opening,0.05,,0,0,1,0.05,Operation_Lossess,
RBO_SCORECARD,Account Opening Officer,Dius Muraguri,,,Q2_Jun_2026,8,Group Synergies,0.05,Properties,As per assigned team referral targets (2 per year),0.025,,1,0x17,0x17,0x17,HFDI_Volume,
RBO_SCORECARD,Account Opening Officer,Dius Muraguri,,,Q2_Jun_2026,9,Group Synergies,0.05,VIC Gross volume Written Premiums,As per asigned team referral targets(4 per year),0.025,,2,0,0,0,VIC,
RBO_SCORECARD,Account Opening Officer,Dius Muraguri,,,Q2_Jun_2026,10,Staff Management,0.1,Leave management,Ensure adherence to the leave policy,0.05,,0.5,0.513083632632119,1.026167265264238,0.0513083632632119,Leave_management,
RBO_SCORECARD,Account Opening Officer,Dius Muraguri,,,Q2_Jun_2026,11,Staff Management,0.1,Training hours,Achieve training hours as per assigned target,0.05,,24,19.3,0.8041666666666667,0.04020833333333334,Training_hours,
CASHTELLER_SCORECARD,Cash_Centre Teller,,,Rehani,,1,"Financials 
(25%)",0.25,Digital Conversion,"Digitally active customers
(Branch Digital Active Score)",0.05,,1,0x17,0x17,0x17,Digital_Activation,
CASHTELLER_SCORECARD,Cash_Centre Teller,,,Rehani,,2,"Financials 
(25%)",0.25,Account Opening,Open 4 funded accounts- Focus,0.05,,0x2a,0x17,0x17,0x17,CASA,
CASHTELLER_SCORECARD,Cash_Centre Teller,,,Rehani,,3,"Financials 
(25%)",0.25,Dormancy,"Accounts activated 
(Branch dormancy score)",0.05,,1,0x17,0x17,0x17,Re_activation,
CASHTELLER_SCORECARD,Cash_Centre Teller,,,Rehani,,4,"Financials 
(25%)",0.25,Deposit,Deposit of 1m per month,0.05,,0x2a,0x17,0x17,0x17,Deposit_Growth,
CASHTELLER_SCORECARD,Cash_Centre Teller,,,Rehani,,5,Customer Experience             (25%),0.25,Branch Audit,Annual audit score of 1.65,0.1,,1,0x17,0x17,0x17,Branch_Audit,
CASHTELLER_SCORECARD,Cash_Centre Teller,,,Rehani,,6,Customer Experience             (25%),0.25,"Account Opening
TAT",PB AO TAT OF 1 Day,0.05,,<2 Days,0x17,0x17,0x17,Account_Opening_PB,
CASHTELLER_SCORECARD,Cash_Centre Teller,,,Rehani,,7,Customer Experience             (25%),0.25,"Account Opening
TAT",SME AO  TAT of 5days,0.05,,<5 Days,0x17,0x17,0x17,Account_Opening_sme,
CASHTELLER_SCORECARD,Cash_Centre Teller,,,Rehani,,8,Customer Experience             (25%),0.25,NPS,achieve a net promoter score of above 75%,0.05,,0.75,0x17,0x17,0x17,NPS,
CASHTELLER_SCORECARD,Cash_Centre Teller,,,Rehani,,9,Process & Controls,0.4,Cash Management,Accuracy of cash repatriated ..Nill CBK fines,0.1,,1,1,1,0.1,Branch_Audit,
CASHTELLER_SCORECARD,Cash_Centre Teller,,,Rehani,,10,Process & Controls,0.4,ATM Management,Retracted cash refunded in 24 hrs,0.1,,1,1,1,0.1,Trx_Errors,
CASHTELLER_SCORECARD,Cash_Centre Teller,,,Rehani,,11,Process & Controls,0.4,ATM Management,Nill ATM cash differences,0.1,,1,1,1,0.1,Operation_Lossess,
CASHTELLER_SCORECARD,Cash_Centre Teller,,,Rehani,,12,Process & Controls,0.4,NPL Management,Reduce   P&L provisions as per target,0.1,,0x17,0x17,0x17,0x17,PL_Charge,
CASHTELLER_SCORECARD,Cash_Centre Teller,,,Rehani,,13,Process & Controls,0.4,NPL Management,Reduce NPL ratio (Retail) as per target,0.05,,0x17,0x17,0x17,0x17,NPL,
CASHTELLER_SCORECARD,Cash_Centre Teller,,,Rehani,,14,"Organization Capacity
(People) 
(10%)",0.1,Leave management,"Ensure adherence to the leave policy - develop annual leave schedule, ensure staff go on leave as per the schedule and that no staff crosses over with more than 5 days.",0.05,,0.5,0x17,0x17,0x17,Leave_management,
CASHTELLER_SCORECARD,Cash_Centre Teller,,,Rehani,,15,"Organization Capacity
(People) 
(10%)",0.1,Training hours,Ensure your teams achieve 48 training hours,0.05,,0x2a,0x17,0x17,0x17,Training_hours,
TL_RBO_SCORECARD,Team Leader: Account Opening (Retail Back Office),Samuel Nduati Muigai,,,Q2_Jun_2026,1,Process and Controls,0.825,Account Opening,Ensure account opening officers achieve and exceed their daily set targets.,0.3,,30,0x2a,0x2a,0x2a,CASA,
TL_RBO_SCORECARD,Team Leader: Account Opening (Retail Back Office),Samuel Nduati Muigai,,,Q2_Jun_2026,2,Process and Controls,0.825,Account Opening,PB AO TAT OF 1 Day,0.15,,1,0x2a,0x2a,0x2a,Account_Opening_PB,
TL_RBO_SCORECARD,Team Leader: Account Opening (Retail Back Office),Samuel Nduati Muigai,,,Q2_Jun_2026,3,Process and Controls,0.825,Account Opening,BB AO  TAT of 1 Day,0.15,,1,0x2a,0x2a,0x2a,Account_Opening_BB,
TL_RBO_SCORECARD,Team Leader: Account Opening (Retail Back Office),Samuel Nduati Muigai,,,Q2_Jun_2026,4,Process and Controls,0.825,Returns,Have less than 20% returns done from RBO to Branches (Follow up with BOMs to reduce errors),0.1,,0.2,0x2a,0x2a,0x2a,RBO_Account_Errors,
TL_RBO_SCORECARD,Team Leader: Account Opening (Retail Back Office),Samuel Nduati Muigai,,,Q2_Jun_2026,5,Process and Controls,0.825,NPS,Achieve a net promoter score of 60%,0.05,,0.6,0x2a,0x2a,0x2a,NPS,
TL_RBO_SCORECARD,Team Leader: Account Opening (Retail Back Office),Samuel Nduati Muigai,,,Q2_Jun_2026,6,Process and Controls,0.825,Operation Losses,Nill Tolerance on operational losses as a result of account opening,0.075,,0,0x2a,0x2a,0x2a,Operation_Lossess,
TL_RBO_SCORECARD,Team Leader: Account Opening (Retail Back Office),Samuel Nduati Muigai,,,Q2_Jun_2026,7,Group Synergies,0.05,Properties,As per assigned team referral targets (2 per year),0.025,,1,0x17,0x17,0x17,HFDI_Volume,
TL_RBO_SCORECARD,Team Leader: Account Opening (Retail Back Office),Samuel Nduati Muigai,,,Q2_Jun_2026,8,Group Synergies,0.05,VIC Gross volume Written Premiums,As per asigned team referral targets(4 per year),0.025,,2,0x2a,0x2a,0x2a,VIC,
TL_RBO_SCORECARD,Team Leader: Account Opening (Retail Back Office),Samuel Nduati Muigai,,,Q2_Jun_2026,9,Staff Management,0.125,Team Productivity,Ensure 70% of Team scorecard is above 70%,0.05,,0.7,0.20408163265306126,0.29154518950437325,0.014577259475218663,RBO_Monthly_Summ,
TL_RBO_SCORECARD,Team Leader: Account Opening (Retail Back Office),Samuel Nduati Muigai,,,Q2_Jun_2026,10,Staff Management,0.125,Leave management,Ensure adherence to the leave policy,0.025,,0.5,0,0,0,Leave_management,
TL_RBO_SCORECARD,Team Leader: Account Opening (Retail Back Office),Samuel Nduati Muigai,,,Q2_Jun_2026,11,Staff Management,0.125,Training hours,Achieve training hours as per assigned target,0.05,,24,0x2a,0x2a,0x2a,Training_hours,
