role_sheet,role_title,calibrated_on,sales_code,period,kpi_order,perspective,kpi_description,measure_of_success,kpi_weight,actuals_sheet,actuals_block,negate,card_prev_fy,card_growth,card_curr_fy,card_ytd_target,card_actual,card_pct_score,card_weighted_score,verdict
Business_Banking,SME RM,Charles Muchiri,CMM4236,Q3_Aug_26,1,Weighted sales (35.0%),New Business Banking Customers,As per assigned target,0.075,New_Customers,1,,,,24.0,16.0,25.0,1.2,0.09,block 1
Business_Banking,SME RM,Charles Muchiri,CMM4236,Q3_Aug_26,2,Weighted sales (35.0%),Net Asset Disbursements,As per assigned target,0.1,Asset_Drawdown,1,,,,270000000.0,180000000.0,4000000.0,0.022222222222222223,0.0022222222222222222,block 1 (also [2])
Business_Banking,SME RM,Charles Muchiri,CMM4236,Q3_Aug_26,3,Weighted sales (35.0%),Asset Growth,Grow by 43% of the Dec book Balance,0.05,Asset_Growth,1,,10300651.600000001,4429280.188000001,14729931.788000003,2952853.4586666673,24159377.16,1.2,0.06,block 1
Business_Banking,SME RM,Charles Muchiri,CMM4236,Q3_Aug_26,4,Weighted sales (35.0%),Weighted Sales,As per assigned 80% target,0.05,Weighted_Sales,1,,,,>80%,0.8,0.2632901779583298,0.32911272244791223,0.016455636122395614,block 1
Business_Banking,SME RM,Charles Muchiri,CMM4236,Q3_Aug_26,5,Weighted sales (35.0%),Trade Finance Volume,As per assigned target,0.075,Trade_Finance_income,1,,,,180000000.0,120000000.0,0.0,0.0,0.0,"ACTUAL is 0 - matches block(s) [1, 2], cannot tell them apart"
Business_Banking,SME RM,Charles Muchiri,CMM4236,Q3_Aug_26,6,Group Synergies (20.0%),Number of Property,Achieve property sales as per assigned targets,0.05,Plot_Sales_Volume,1,,,2.0,2.0,2.0,0.0,0.0,0.0,"ACTUAL is 0 - matches block(s) [1, 2, 3], cannot tell them apart"
Business_Banking,SME RM,Charles Muchiri,CMM4236,Q3_Aug_26,7,Group Synergies (20.0%),Value of Property Sales,Achieve property sales as per assigned targets,0.05,Plot_Sales_Value,1,,,16400000.0,16400000.0,10933334.0,0.0,0.0,0.0,"ACTUAL is 0 - matches block(s) [1, 2, 3], cannot tell them apart"
Business_Banking,SME RM,Charles Muchiri,CMM4236,Q3_Aug_26,8,Group Synergies (20.0%),VIC Premiums,life policies as per assigned target,0.03,Banca_Assurance_Income,2,,,,1155627.12890625,221069.0625,28072.0,0.12698294226493134,0.00380948826794794,block 2
Business_Banking,SME RM,Charles Muchiri,CMM4236,Q3_Aug_26,9,Group Synergies (20.0%),,non-life as per assigned Target,0.03,Banca_Assurance_Income,3,,,,1155576.0,770384.0,106744.0,0.13855947164011714,0.004156784149203514,block 3
Business_Banking,SME RM,Charles Muchiri,CMM4236,Q3_Aug_26,10,Group Synergies (20.0%),Bancassurance Premiums,Renewals and other banca products as per assigned target,0.04,Banca_Assurance_Income,5,,,,1155576.0,770384.0,0.0,0.0,0.0,"ACTUAL is 0 - matches block(s) [5], cannot tell them apart"
Business_Banking,SME RM,Charles Muchiri,CMM4236,Q3_Aug_26,11,Portfolio Management (35.0%),Portfolio NPS,Achieve 60% and above,0.05,NPS,1,,,,0.6,0.6,0.2727272727272727,0.45454545454545453,0.022727272727272728,block 1
Business_Banking,SME RM,Charles Muchiri,CMM4236,Q3_Aug_26,12,Portfolio Management (35.0%),Active Customers (2 months active),Increase by active customers 20%,0.1,Active_Customers,1,,60.0,12.0,72.0,48.0,81.0,1.2,0.12,block 1
Business_Banking,SME RM,Charles Muchiri,CMM4236,Q3_Aug_26,13,Portfolio Management (35.0%),Operating Profit,(GII-IE+NFI(+/-)FTP-Loan Loss) Growth on Growth,0.1,Revenue_Contribution,1,,5204251.838972911,1040850.3677945823,6245102.206767494,4163401.471178329,-922958.4065941512,0.0,0.0,block 1
Business_Banking,SME RM,Charles Muchiri,CMM4236,Q3_Aug_26,14,Portfolio Management (35.0%),Deposit Growth,As per assigned target,0.1,Deposit_Growth_Retail,1,,12552526.279999997,60000000.0,72552526.28,40000000.0,-2055771.99,0.0,0.0,block 1
Business_Banking,SME RM,Charles Muchiri,CMM4236,Q3_Aug_26,15,Service Excellence (5.0%),Weigted TAT,Per assigned target,0.05,Weighted_TAT,1,,,,1.0,1.0,0.475,0.475,0.02375,block 1
Business_Banking,SME RM,Charles Muchiri,CMM4236,Q3_Aug_26,16,Staff Engagement (5.0%),Training,Training hours for team,0.025,training_hours,1,,,,48.0,32.0,36.0,1.0,0.025,block 1
Business_Banking,SME RM,Charles Muchiri,CMM4236,Q3_Aug_26,17,Staff Engagement (5.0%),Leave magement,Clear leave days before EOY,0.025,Leave_management,1,,,,1.0,0.6666666666666666,1.0,1.0,0.025,block 1
Business_Banking,SME RM,Charles Muchiri,CMM4236,Q3_Aug_26,18,Bonus Points (2.5%),PAR,Per assigned target,0.025,PAR,1,,,,0.025,0.025,0.4116380353047596,0.0,0.0,block 1
Personal_Banking,PB RM,Vincent Ogare,VOO4330,Q3_Aug_26,1,Portfolio Management (37.0%),Active Customers,2 month active(increase by 20%),0.07,Active_Customers,1,,253.0,33.733333333333334,286.73333333333335,269.8666666666667,252.0,0.933794466403162,0.06536561264822134,block 1
Personal_Banking,PB RM,Vincent Ogare,VOO4330,Q3_Aug_26,2,Portfolio Management (37.0%),Digital Adoption,Increase portfolio by 50%,0.05,Digital_adoption,1,,103.0,34.33333333333333,137.33333333333331,120.16666666666666,214.0,1.2,0.06,block 1
Personal_Banking,PB RM,Vincent Ogare,VOO4330,Q3_Aug_26,3,Portfolio Management (37.0%),New Customers,As per Assigned Targets,0.1,New_Customers,1,,,32.0,32.0,16.0,21.0,1.2,0.12,block 1
Personal_Banking,PB RM,Vincent Ogare,VOO4330,Q3_Aug_26,4,Portfolio Management (37.0%),Portfolio Coverage (engagement),Achieve 80% and above,0.05,Contactability,1,,,0.8,0.8,0.8,1.0,1.0,0.05,block 1
Personal_Banking,PB RM,Vincent Ogare,VOO4330,Q3_Aug_26,5,Portfolio Management (37.0%),Income Contribution,(GII-IE+NFI(+/-)FTP-Loan Loss),0.1,Revenue_Contribution,1,,-169147373.77132222,22552983.169509627,-146594390.6018126,-73297195.3009063,-37206824.70686777,1.2,0.12,block 1
Personal_Banking,PB RM,Vincent Ogare,VOO4330,Q3_Aug_26,6,Group Synergies (23.0%),Number of Property,Achieve property sales as per assigned targets,0.05,Plot_Sales_Volume,1,,,2.0,2.0,1.0,0.0,0.0,0.0,"ACTUAL is 0 - matches block(s) [1, 2, 3], cannot tell them apart"
Personal_Banking,PB RM,Vincent Ogare,VOO4330,Q3_Aug_26,7,Group Synergies (23.0%),Value of Property Sales,Achieve property sales as per assigned targets,0.05,Plot_Sales_Value,1,,,16400000.0,16400000.0,8200000.0,0.0,0.0,0.0,"ACTUAL is 0 - matches block(s) [1, 2, 3], cannot tell them apart"
Personal_Banking,PB RM,Vincent Ogare,VOO4330,Q3_Aug_26,8,Group Synergies (23.0%),VIC Premiums,life policies as per assigned target,0.05,Banca_Assurance_Income,1,,,1058466.559244792,1058466.559244792,202482.44791666672,0.0,0.0,0.0,"ACTUAL is 0 - matches block(s) [1, 2, 3, 4, 5, 6], cannot tell them apart"
Personal_Banking,PB RM,Vincent Ogare,VOO4330,Q3_Aug_26,9,Group Synergies (23.0%),,non-life as per assigned Target,0.05,Banca_Assurance_Income,1,,,453616.0,453616.0,226808.0,0.0,0.0,0.0,"ACTUAL is 0 - matches block(s) [1, 2, 3, 4, 5, 6], cannot tell them apart"
Personal_Banking,PB RM,Vincent Ogare,VOO4330,Q3_Aug_26,10,Group Synergies (23.0%),Bancassurance Premiums,Renewals and other banca products as per assigned target,0.03,Banca_Assurance_Income,1,,,453616.0,453616.0,226808.0,0.0,0.0,0.0,"ACTUAL is 0 - matches block(s) [1, 2, 3, 4, 5, 6], cannot tell them apart"
Personal_Banking,PB RM,Vincent Ogare,VOO4330,Q3_Aug_26,11,Balance Sheet (25.0%),Drawdowns,As per Assigned Targets,0.1,Asset_Drawdown,1,,,,108000000.0,54000000.0,0.0,0.0,0.0,"ACTUAL is 0 - matches block(s) [1, 2, 3], cannot tell them apart"
Personal_Banking,PB RM,Vincent Ogare,VOO4330,Q3_Aug_26,12,Balance Sheet (25.0%),Asset Growth,Grow by 38% of the Dec book Balance,0.075,Asset_Growth,1,,1948313440.7899992,60750000.0,2009063440.7899992,30375000.0,-123420427.8799999,0.0,0.0,block 1
Personal_Banking,PB RM,Vincent Ogare,VOO4330,Q3_Aug_26,13,Balance Sheet (25.0%),Deposit Growth (Liab Growth + NTB Liab),As per Assigned Targets,0.075,Deposit_Growth_Retail,1,,232061961.20000005,32400000.000000004,264461961.20000005,16200000.000000002,-1849041.860000014,0.0,0.0,block 1
Personal_Banking,PB RM,Vincent Ogare,VOO4330,Q3_Aug_26,14,Service Excellence (10.0%),NPS,Achieve 60% and above,0.05,NPS,1,,,,0.6,0.6,1.0,1.2,0.06,block 1
Personal_Banking,PB RM,Vincent Ogare,VOO4330,Q3_Aug_26,15,Service Excellence (10.0%),Weigted TAT,As per Assigned Targets,0.05,Weighted_TAT,1,,,,1.0,1.0,0.325,0.325,0.01625,block 1
Personal_Banking,PB RM,Vincent Ogare,VOO4330,Q3_Aug_26,16,NPL ( 5% ),Reduce P&L provisions / Nill provisions (Loan Loss),By Assigned Amount,0.0,PL_Charge,1,yes,-5031576.707000633,-670876.894266751,-5702453.601267383,-2851226.8006336917,-3145140.588947682,0.9192855594202441,0.0,block 1 NEGATED
Personal_Banking,PB RM,Vincent Ogare,VOO4330,Q3_Aug_26,17,Staff Engagement (5.0%),Training,As per Assigned Targets,0.025,training_hours,1,,,,32.0,16.0,0.0,0.0,0.0,"ACTUAL is 0 - matches block(s) [1], cannot tell them apart"
Personal_Banking,PB RM,Vincent Ogare,VOO4330,Q3_Aug_26,18,Staff Engagement (5.0%),Leave magement,Clear leave days before EOY,0.025,Leave_management,1,,,,1.0,0.5,0.0,0.0,0.0,"ACTUAL is 0 - matches block(s) [1], cannot tell them apart"
Personal_Banking,PB RM,Vincent Ogare,VOO4330,Q3_Aug_26,19,Bonus Points (2.5%),PAR,Per assigned target,0.025,PAR,1,,,,0.025,0.025,0.04246042374669886,0.0,0.0,block 1
Ultimate_RM,Ultimate RM,Faith Muthinja,FM4424,Q3_Aug_26,1,Group Synergies (23.0%),Number of Property,Achieve property sales as per assigned targets,0.05,Plot_Sales_Volume,1,,,1.25,1.25,1.0,0.0,0.0,0.0,"ACTUAL is 0 - matches block(s) [1, 2, 3], cannot tell them apart"
Ultimate_RM,Ultimate RM,Faith Muthinja,FM4424,Q3_Aug_26,2,Group Synergies (23.0%),Value of Property Sales,Achieve property sales as per assigned targets,0.05,Plot_Sales_Value,1,,,,10250000.0,2050000.0,0.0,0.0,0.0,"ACTUAL is 0 - matches block(s) [1, 2, 3], cannot tell them apart"
Ultimate_RM,Ultimate RM,Faith Muthinja,FM4424,Q3_Aug_26,3,Group Synergies (23.0%),VIC Premiums,life policies as per assigned target,0.05,Banca_Assurance_Income,1,,,709070.4559326171,709070.4559326171,135643.70117187497,0.0,0.0,0.0,"ACTUAL is 0 - matches block(s) [1, 2, 3, 4, 5, 6], cannot tell them apart"
Ultimate_RM,Ultimate RM,Faith Muthinja,FM4424,Q3_Aug_26,4,Group Synergies (23.0%),,non-life as per assigned Target,0.05,Banca_Assurance_Income,1,,,303875.0,303875.0,60775.0,0.0,0.0,0.0,"ACTUAL is 0 - matches block(s) [1, 2, 3, 4, 5, 6], cannot tell them apart"
Ultimate_RM,Ultimate RM,Faith Muthinja,FM4424,Q3_Aug_26,5,Group Synergies (23.0%),Bancassurance Premiums,Renewals and other banca products as per assigned target,0.03,Banca_Assurance_Income,1,,,303875.0,303875.0,60775.0,0.0,0.0,0.0,"ACTUAL is 0 - matches block(s) [1, 2, 3, 4, 5, 6], cannot tell them apart"
Ultimate_RM,Ultimate RM,Faith Muthinja,FM4424,Q3_Aug_26,6,Portfolio Management/Financials (64.5%),Portfolio NPS,Achieve 60% and above,0.1,NPS,1,,,,0.6,0.6,1.0,1.0,0.1,block 1
Ultimate_RM,Ultimate RM,Faith Muthinja,FM4424,Q3_Aug_26,7,Portfolio Management/Financials (64.5%),Net Disbursements,As per Targets,0.075,Asset_Drawdown,1,,,,125000000.0,25000000.0,0.0,0.0,0.0,"ACTUAL is 0 - matches block(s) [1, 2, 3], cannot tell them apart"
Ultimate_RM,Ultimate RM,Faith Muthinja,FM4424,Q3_Aug_26,8,Portfolio Management/Financials (64.5%),Asset Growth,Grow by 36% of the Dec book Balance,0.075,Asset_Growth,1,,474439536.94,109375000.0,583814536.94,21875000.0,-46208895.05000001,-2.1124066308571434,0.0,block 1
Ultimate_RM,Ultimate RM,Faith Muthinja,FM4424,Q3_Aug_26,9,Portfolio Management/Financials (64.5%),Income Contribution (Portfolio + NTB),(GII-IE+NFI(+/-)FTP-Loan Loss),0.075,Revenue_Contribution,1,,9618462.685358651,801538.5571132209,10420001.242471872,2084000.2484943743,20305389.386615925,1.2,0.09,block 1
Ultimate_RM,Ultimate RM,Faith Muthinja,FM4424,Q3_Aug_26,10,Portfolio Management/Financials (64.5%),Deposits (Portfolio + NTB),As per Targets,0.15,Deposit_Growth_Retail,1,,867244625.3500001,87500000.0,954744625.3500001,17500000.0,1875794.359999995,0.10718824914285685,0.016078237371428526,block 1
Ultimate_RM,Ultimate RM,Faith Muthinja,FM4424,Q3_Aug_26,11,Portfolio Management/Financials (64.5%),Reduce P&L provisions / Nil provisions (Loan Loss),By Assigned Amount,0.05,PL_Charge,1,yes,-4537193.861367692,3024795.907578462,-1512397.9537892307,-302479.59075784613,-2499214.2270994773,0.0,0.0,block 1 NEGATED
Ultimate_RM,Ultimate RM,Faith Muthinja,FM4424,Q3_Aug_26,12,Portfolio Management/Financials (64.5%),Active Customers (two Month),Increase by active customers 20%,0.07,Active_Customers,1,,117.0,23.400000000000002,140.4,121.68,78.0,0.641025641025641,0.04487179487179487,block 1
Ultimate_RM,Ultimate RM,Faith Muthinja,FM4424,Q3_Aug_26,13,Portfolio Management/Financials (64.5%),New customers,> 2 Active Products,0.05,New_Customers,1,,,10.0,10.0,2.0,0.0,0.0,0.0,"ACTUAL is 0 - matches block(s) [1], cannot tell them apart"
Ultimate_RM,Ultimate RM,Faith Muthinja,FM4424,Q3_Aug_26,14,Weighted Sales (5.0%),Weighted Sales Dashboard,As per Targets,0.05,Weighted_Sales,1,,,0.8,0.8,0.8,0.206352197975873,0.25794024746984123,0.012897012373492063,block 1
Ultimate_RM,Ultimate RM,Faith Muthinja,FM4424,Q3_Aug_26,15,Service Excellence (2.5%),Weigted TAT,Per assigned target,0.025,Weighted_TAT,1,,,1.0,1.0,1.0,1.0,1.0,0.025,block 1
Ultimate_RM,Ultimate RM,Faith Muthinja,FM4424,Q3_Aug_26,16,Staff Engagement (5.0%),Training,Complete 2 training modules,0.025,training_hours,1,,,,0.8333333333333334,0.16666666666666669,0.0,0.0,0.0,"ACTUAL is 0 - matches block(s) [1], cannot tell them apart"
Ultimate_RM,Ultimate RM,Faith Muthinja,FM4424,Q3_Aug_26,17,Staff Engagement (5.0%),Leave magement,Clear leave days before EOY,0.025,Leave_management,1,,,,1.0,0.2,0.0,0.0,0.0,"ACTUAL is 0 - matches block(s) [1], cannot tell them apart"
Ultimate_RM,Ultimate RM,Faith Muthinja,FM4424,Q3_Aug_26,18,Bonus Points (2.5%),PAR,Per assigned target,0.025,PAR,1,,,,0.025,0.025,0.07003704994534496,0.0,0.0,block 1
Diaspora,DIASPORA RM,Edward Kosgei,EK4188,Q3_Aug_26,1,Financials (15.0%),Net Disbursements,As per Targets,0.075,Asset_Drawdown,1,,,240000000.0,240000000.0,160000000.0,1000000.0,0.00625,0.00046875,block 1 (also [2])
Diaspora,DIASPORA RM,Edward Kosgei,EK4188,Q3_Aug_26,2,Financials (15.0%),Asset Growth,Grow by 100% of the Dec book Balance,0.075,Asset_Growth,1,,86895567.27000003,86895567.27000003,173791134.54000005,57930378.180000015,17934444.06,0.3095861726342349,0.023218962947567614,block 1
Diaspora,DIASPORA RM,Edward Kosgei,EK4188,Q3_Aug_26,3,Group Synergies (23.0%),Number of Property,Achieve property sales as per assigned targets,0.05,Plot_Sales_Volume,1,,,3.0,3.0,2.0,0.0,0.0,0.0,"ACTUAL is 0 - matches block(s) [1, 2, 3], cannot tell them apart"
Diaspora,DIASPORA RM,Edward Kosgei,EK4188,Q3_Aug_26,4,Group Synergies (23.0%),Value of Property Sales,Achieve property sales as per assigned targets,0.05,Plot_Sales_Value,1,,,,24600000.0,16400000.0,0.0,0.0,0.0,"ACTUAL is 0 - matches block(s) [1, 2, 3], cannot tell them apart"
Diaspora,DIASPORA RM,Edward Kosgei,EK4188,Q3_Aug_26,5,Group Synergies (23.0%),VIC Premium,life policies as per assigned target,0.065,Banca_Assurance_Income,1,,,1850342.368164062,1850342.368164062,353966.6406249999,0.0,0.0,0.0,"ACTUAL is 0 - matches block(s) [1, 2, 3, 4], cannot tell them apart"
Diaspora,DIASPORA RM,Edward Kosgei,EK4188,Q3_Aug_26,6,Group Synergies (23.0%),,non-life as per assigned Target,0.065,Banca_Assurance_Income,1,,,793056.0,793056.0,528704.0,0.0,0.0,0.0,"ACTUAL is 0 - matches block(s) [1, 2, 3, 4], cannot tell them apart"
Diaspora,DIASPORA RM,Edward Kosgei,EK4188,Q3_Aug_26,7,Portfolio Management (44.5%),Operating profit,Operating profit,0.15,Revenue_Contribution,1,,12527113.931838566,2505422.7863677135,15032536.718206279,10021691.145470852,7546653.449601563,0.7530319324410787,0.1129547898661618,block 1
Diaspora,DIASPORA RM,Edward Kosgei,EK4188,Q3_Aug_26,8,Portfolio Management (44.5%),Deposit Growth,As per Assigned Targets,0.1,Deposit_Growth_Retail,1,,107288013.61000001,210000000.0,317288013.61,140000000.0,-20170804.26999999,0.0,0.0,block 1
Diaspora,DIASPORA RM,Edward Kosgei,EK4188,Q3_Aug_26,9,Portfolio Management (44.5%),New Customers,New Customers (average Balance 50k),0.075,New_Customers,1,,,,1.2779456193353473,0.8519637462235649,2.0,1.2,0.09,block 1
Diaspora,DIASPORA RM,Edward Kosgei,EK4188,Q3_Aug_26,10,Portfolio Management (44.5%),Portfolio Management AUM (Dec previous year),Grow by 100%,0.07,Portfolio_AUM,1,,388367161.7600001,388367161.7600001,776734323.5200002,517822882.3466668,192115733.31,0.37100665084434087,0.025970465559103862,block 1
Diaspora,DIASPORA RM,Edward Kosgei,EK4188,Q3_Aug_26,11,Portfolio Management (44.5%),Portfolio NPS,Achieve 60% and above,0.05,NPS,1,,,,0.6,0.6,0.9095238095238095,1.0,0.05,block 1
Diaspora,DIASPORA RM,Edward Kosgei,EK4188,Q3_Aug_26,12,Customer Experience (10.0%),"Weigted TAT(SLA,Service standards, query response time)",Per assigned target,0.1,Weighted_TAT,1,,,,1.0,1.0,0.7749999999999999,0.7749999999999999,0.0775,block 1
Diaspora,DIASPORA RM,Edward Kosgei,EK4188,Q3_Aug_26,13,Process Controls (2.5%),Audit,Annual audit score of 1.65,0.025,Branch_Audit,1,,,,1.65,1.65,1.633636363636363,1.0,0.025,block 1
Diaspora,DIASPORA RM,Edward Kosgei,EK4188,Q3_Aug_26,14,Staff Engagement (5.0%),Training,Training hours,0.025,training_hours,1,,,,60.0,40.0,38.5,0.9625,0.0240625,block 1
Diaspora,DIASPORA RM,Edward Kosgei,EK4188,Q3_Aug_26,15,Staff Engagement (5.0%),Leave magement,Clear leave days before EOY,0.025,Leave_management,1,,,,1.0,0.6666666666666666,0.9444444444444444,1.0,0.025,block 1
Diaspora,DIASPORA RM,Edward Kosgei,EK4188,Q3_Aug_26,16,Bonus Points (2.5%),PAR,Per assigned target,0.025,PAR,1,,,,0.025,0.025,0.026044306889355176,0.0,0.0,block 1
Home_Loan_Specialist,Home Loan Specialist,Michael Oyoo Odhiambo,,Q3_Aug_26,1,Financials ( 50% ),New Mortgage customers Acquistion,As per Targets,0.1,New_Customers,,,,0x2a,0x2a,0.0,0x2a,0.0,0.0,person 'Michael Oyoo Odhiambo' not in List
Home_Loan_Specialist,Home Loan Specialist,Michael Oyoo Odhiambo,,Q3_Aug_26,2,Financials ( 50% ),Loan Approvals,As per Targets (1.5 of disbursements),0.05,Loan_Approvals,,,,,0x2a,0x2a,0x2a,0.0,0.0,person 'Michael Oyoo Odhiambo' not in List
Home_Loan_Specialist,Home Loan Specialist,Michael Oyoo Odhiambo,,Q3_Aug_26,3,Financials ( 50% ),Net Disbursements,As per Targets,0.25,Asset_Drawdown,,,,0.0,0.0,0x2a,0x2a,0.0,0.0,person 'Michael Oyoo Odhiambo' not in List
Home_Loan_Specialist,Home Loan Specialist,Michael Oyoo Odhiambo,,Q3_Aug_26,4,Financials ( 50% ),New CASA Accounts (focus),As per Targets,0.05,CASA,,,,0x2a,0x2a,0.0,0x2a,0.0,0.0,person 'Michael Oyoo Odhiambo' not in List
Home_Loan_Specialist,Home Loan Specialist,Michael Oyoo Odhiambo,,Q3_Aug_26,5,Financials ( 50% ),Business from developers,New Business from developers ( HFC and onboarded developers). 50% of the annual target,0.05,Active_Customers,,,,60000000.0,60000000.0,0.0,0x2a,0.0,0.0,person 'Michael Oyoo Odhiambo' not in List
Home_Loan_Specialist,Home Loan Specialist,Michael Oyoo Odhiambo,,Q3_Aug_26,6,Group Synergies ( 10% ),HFDI Property Sales,Achieve HFDI property sales as per assigned targets,0.05,Plot_Sales,,,,0x2a,0x2a,0.0,0x17,0.0,0.0,person 'Michael Oyoo Odhiambo' not in List
Home_Loan_Specialist,Home Loan Specialist,Michael Oyoo Odhiambo,,Q3_Aug_26,7,Group Synergies ( 10% ),Bancassurance Premiums,Achieve Banca premium as per assigned targets,0.05,Banca_Assurance_Income,,,,0x2a,0x2a,0.0,0x2a,0.0,0.0,person 'Michael Oyoo Odhiambo' not in List
Home_Loan_Specialist,Home Loan Specialist,Michael Oyoo Odhiambo,,Q3_Aug_26,8,Customer Service ( 15% ),Portfolio NPS,Departmental NPS,0.05,NPS,,,,0.75,0.75,0.75,0x2a,0x2a,0x2a,person 'Michael Oyoo Odhiambo' not in List
Home_Loan_Specialist,Home Loan Specialist,Michael Oyoo Odhiambo,,Q3_Aug_26,9,Customer Service ( 15% ),,Customer Effort Score,0.05,CES,,,,0.6,0.6,0.6,0x2a,0x2a,0x2a,person 'Michael Oyoo Odhiambo' not in List
Home_Loan_Specialist,Home Loan Specialist,Michael Oyoo Odhiambo,,Q3_Aug_26,10,Customer Service ( 15% ),,Product NPS,0.05,Contactability,,,,0.6,0.6,0.6,0.47,0.7833333333333333,0.03916666666666667,person 'Michael Oyoo Odhiambo' not in List
Home_Loan_Specialist,Home Loan Specialist,Michael Oyoo Odhiambo,,Q3_Aug_26,11,Process & Controls ( 15% ),TAT (Loan),< 7 Days,0.1,TAT_Loans,,,,< 7 days,< 7 days,7.0,0x2a,0x2a,0x2a,person 'Michael Oyoo Odhiambo' not in List
Home_Loan_Specialist,Home Loan Specialist,Michael Oyoo Odhiambo,,Q3_Aug_26,12,Process & Controls ( 15% ),Errors,Mortgage application errors,0.05,Account_Errors,,,,< 5 %,< 5 %,0.05,0x17,0.0,0.0,person 'Michael Oyoo Odhiambo' not in List
Home_Loan_Specialist,Home Loan Specialist,Michael Oyoo Odhiambo,,Q3_Aug_26,13,Staff Engagement ( 10% ),Training,Achieve training hours,0.05,training_hours,,,,1.0,0x2a,0.0,0x2a,0.0,0.0,person 'Michael Oyoo Odhiambo' not in List
Home_Loan_Specialist,Home Loan Specialist,Michael Oyoo Odhiambo,,Q3_Aug_26,14,Staff Engagement ( 10% ),Leave magement,Clear leave days before EOY,0.05,Leave_management,,,,1.0,1.0,0.0,0x2a,0.0,0.0,person 'Michael Oyoo Odhiambo' not in List
Home_Loan_Specialist,Home Loan Specialist,Michael Oyoo Odhiambo,,Q3_Aug_26,15,Bancassurance(5%),Bancassurance VIC Premiums(Bonus Points),Achieve Banca premium as per assigned targets,0.05,Banca_Assurance_Income,,,,0x2a,0x2a,0.0,0x2a,0.0,0.0,person 'Michael Oyoo Odhiambo' not in List
Mortgage_Business,Mortgage Business ARM,Roy Gitonga,RG4072,Q3_Aug_26,1,Financials (47.5%),Net Mortgage sales (10% commercial rate mortgages),As per Targets,0.2,Asset_Drawdown,1,,,,0.0,0.0,0.0,0.0,0.0,"ACTUAL is 0 - matches block(s) [1, 2, 3], cannot tell them apart"
Mortgage_Business,Mortgage Business ARM,Roy Gitonga,RG4072,Q3_Aug_26,2,Financials (47.5%),Net Mortgage sales (10% non-commercial rate mortgages),As per Targets,0.2,Asset_Drawdown,1,,,,0.0,0.0,0.0,0.0,0.0,"ACTUAL is 0 - matches block(s) [1, 2, 3], cannot tell them apart"
Mortgage_Business,Mortgage Business ARM,Roy Gitonga,RG4072,Q3_Aug_26,3,Financials (47.5%),Cross-sell new CASA accounts (focus accounts),As per Targets,0.075,CASA,1,,,,0.0,0.0,0.0,0.0,0.0,"ACTUAL is 0 - matches block(s) [1], cannot tell them apart"
Mortgage_Business,Mortgage Business ARM,Roy Gitonga,RG4072,Q3_Aug_26,4,Group Synergies (25.0%),Number of Property,Achieve property sales as per assigned targets,0.075,Plot_Sales_Volume,1,,,0.0,0.0,0.0,0.0,0x7,0x7,"ACTUAL is 0 - matches block(s) [1, 2, 3], cannot tell them apart"
Mortgage_Business,Mortgage Business ARM,Roy Gitonga,RG4072,Q3_Aug_26,5,Group Synergies (25.0%),Value of Property Sales,Achieve property sales as per assigned targets,0.075,Plot_Sales_Value,1,,,0.0,0.0,0.0,0.0,0x7,0x7,"ACTUAL is 0 - matches block(s) [1, 2, 3], cannot tell them apart"
Mortgage_Business,Mortgage Business ARM,Roy Gitonga,RG4072,Q3_Aug_26,6,Group Synergies (25.0%),VIC Premiums,life policies as per assigned target,0.05,Banca_Assurance_Income,1,,,0.0,0.0,0.0,0.0,0x7,0x7,"ACTUAL is 0 - matches block(s) [1, 2, 3, 5, 6], cannot tell them apart"
Mortgage_Business,Mortgage Business ARM,Roy Gitonga,RG4072,Q3_Aug_26,7,Group Synergies (25.0%),,non-life as per assigned Target,0.05,Banca_Assurance_Income,1,,,0.0,0.0,0.0,0.0,0.0,0.0,"ACTUAL is 0 - matches block(s) [1, 2, 3, 5, 6], cannot tell them apart"
Mortgage_Business,Mortgage Business ARM,Roy Gitonga,RG4072,Q3_Aug_26,8,Customer Service (5.0%),Portfolio NPS,Achieve 60% and above,0.05,NPS,1,,,,0.6,0.6,1.0,1.6666666666666667,0.08333333333333334,block 1
Mortgage_Business,Mortgage Business ARM,Roy Gitonga,RG4072,Q3_Aug_26,9,Process and Controls (15.0%),TAT (Loan),< 7 Days (Binary 90%),0.1,TAT_Loans,,,,7.0,7.0,7.0,0.0,1.0,0.1,ACTUAL is 0 but no block is 0
Mortgage_Business,Mortgage Business ARM,Roy Gitonga,RG4072,Q3_Aug_26,10,Process and Controls (15.0%),Errors,Mortgage application errors,0.05,Loan_Application_Errors,,,,0.05,0.05,0.05,0.0,1.0,0.05,ACTUAL is 0 but no block is 0
Mortgage_Business,Mortgage Business ARM,Roy Gitonga,RG4072,Q3_Aug_26,11,Staff Engagement (7.5%),Training,Achieve training hours,0.05,training_hours,1,,,,16.0,0.0,0.0,0.0,0.0,"ACTUAL is 0 - matches block(s) [1], cannot tell them apart"
Mortgage_Business,Mortgage Business ARM,Roy Gitonga,RG4072,Q3_Aug_26,12,Staff Engagement (7.5%),Leave magement,Clear leave days before EOY,0.025,Leave_management,1,,,,1.0,0.0,1.0,0.0,0.0,block 1
Mortgage_Business,Mortgage Business ARM,Roy Gitonga,RG4072,Q3_Aug_26,13,Bonus Points (2.5%),PAR,Per assigned target,0.025,PAR,1,,,,0.025,0.025,0.0,1.2,0.03,"ACTUAL is 0 - matches block(s) [1], cannot tell them apart"
Commercial,COMMERCIAL RM,Juspher Muriithi,JM4191,Q3_Aug_26,1,Financials (20.0%),Trade Income,As per assigned Target,0.05,Trade_Finance_Income,1,,,9600000.0,9600000.0,6400000.0,121042.81,0.0189129390625,0.000945646953125,block 1
Commercial,COMMERCIAL RM,Juspher Muriithi,JM4191,Q3_Aug_26,2,Financials (20.0%),Direct Portfolio Contribution,(GII-IE+NFI),0.1,Revenue_Contribution,2,,231547094.6900001,46309418.93800002,277856513.62800014,185237675.7520001,183369929.76999995,0.9899170297056592,0.09899170297056592,block 2
Commercial,COMMERCIAL RM,Juspher Muriithi,JM4191,Q3_Aug_26,3,Financials (20.0%),Loan Loss,As per assigned Target,0.05,PL_Charge,1,yes,-9245965.63506646,1849193.1270132922,-7396772.508053169,-4931181.672035445,-1882015.8741312386,1.0,0.05,block 1 NEGATED
Commercial,COMMERCIAL RM,Juspher Muriithi,JM4191,Q3_Aug_26,4,Group Synergies (20.0%),Number of Property,Achieve property sales as per assigned targets,0.05,Plot_Sales_Volume,1,,,3.0,3.0,2.0,0.0,0.0,0.0,"ACTUAL is 0 - matches block(s) [1, 2, 3], cannot tell them apart"
Commercial,COMMERCIAL RM,Juspher Muriithi,JM4191,Q3_Aug_26,5,Group Synergies (20.0%),Value of Property Sales,Achieve property sales as per assigned targets,0.05,Plot_Sales_Value,1,,,24600000.0,24600000.0,16400000.0,0.0,0.0,0.0,"ACTUAL is 0 - matches block(s) [1, 2, 3], cannot tell them apart"
Commercial,COMMERCIAL RM,Juspher Muriithi,JM4191,Q3_Aug_26,6,Group Synergies (20.0%),VIC Premiums,All insurance,0.1,Banca_Assurance_Income,4,,,12223177.319335938,12223177.319335938,4479927.7265625,2076987.0,0.4636206489861603,0.04636206489861603,block 4
Commercial,COMMERCIAL RM,Juspher Muriithi,JM4191,Q3_Aug_26,7,Portfolio Management (55.0%),Portfolio NPS,Achieve 60% and above,0.05,NPS,1,,,,0.6,0.6,0.6666666666666666,1.1111111111111112,0.05555555555555556,block 1
Commercial,COMMERCIAL RM,Juspher Muriithi,JM4191,Q3_Aug_26,8,Portfolio Management (55.0%),Portfolio Coverage (engagement),Achieve 80% and above,0.05,Contactability,1,,,,0.8,0.8,0.5833333333333334,0.7291666666666666,0.036458333333333336,block 1
Commercial,COMMERCIAL RM,Juspher Muriithi,JM4191,Q3_Aug_26,9,Portfolio Management (55.0%),Grow Deposits,As per assigned Target,0.1,Deposit_Growth_Retail,1,,95942063.96999998,417600000.0,513542063.96999997,278400000.0,-11367780.95999998,0.0,0.0,block 1
Commercial,COMMERCIAL RM,Juspher Muriithi,JM4191,Q3_Aug_26,10,Portfolio Management (55.0%),New Customer (Min Turnover of 50M),As per assigned Target,0.05,New_Customers,1,,,,12.0,8.0,2.0,0.25,0.0125,block 1
Commercial,COMMERCIAL RM,Juspher Muriithi,JM4191,Q3_Aug_26,11,Portfolio Management (55.0%),Net Loan Disbursments,As per assigned Target,0.1,Asset_Drawdown,1,,,,780000000.0,520000000.0,752700177.6,1.2,0.12,block 1
Commercial,COMMERCIAL RM,Juspher Muriithi,JM4191,Q3_Aug_26,12,Portfolio Management (55.0%),Asset Growth,Grow by 21% of the Dec book Balance,0.1,Asset_Growth,1,,1592190806.45,160510204.0,1752701010.45,107006802.66666667,-90143339.68000007,0.0,0.0,block 1
Commercial,COMMERCIAL RM,Juspher Muriithi,JM4191,Q3_Aug_26,13,Portfolio Management (55.0%),Banking covenant tracking should be in Iapply,As per assigned Target,0.05,covenant_tracking,1,,,,12.0,8.0,2.0,0.25,0.0125,block 1
Commercial,COMMERCIAL RM,Juspher Muriithi,JM4191,Q3_Aug_26,14,Portfolio Management (55.0%),Tooling and account planning all customers,As per assigned Target,0.05,tooling_n_account_planning,1,,,,12.0,8.0,3.0,0.375,0.018750000000000003,block 1
Commercial,COMMERCIAL RM,Juspher Muriithi,JM4191,Q3_Aug_26,15,Staff Engagement (5.0%),Training,Training hours,0.025,training_hours,1,,,,48.0,32.0,29.0,0.90625,0.022656250000000003,block 1
Commercial,COMMERCIAL RM,Juspher Muriithi,JM4191,Q3_Aug_26,16,Staff Engagement (5.0%),Leave magement,Clear leave days before EOY,0.025,Leave_management,1,,,,1.0,0.6666666666666666,0.5461767626613704,0.8192651439920556,0.02048162859980139,block 1
Commercial,COMMERCIAL RM,Juspher Muriithi,JM4191,Q3_Aug_26,17,Bonus Points (2.5%),PAR,Per assigned target,0.025,PAR,1,,,,0.025,0.025,0.0878444062508687,0.0,0.0,block 1
Commercial_trade,COMMERCIAL RM- TRADE,Gladys Wambui,GW3961,Q3_Aug_26,1,Financials (55.0%),Trade Income,As per assigned Target,0.2,Trade_Finance_Income,1,,,,24000000.0,16000000.0,7404768.570339999,0.46279803564624994,0.09255960712924999,block 1
Commercial_trade,COMMERCIAL RM- TRADE,Gladys Wambui,GW3961,Q3_Aug_26,2,Financials (55.0%),Trade Volume,As per assigned Target,0.15,Trade_Finance_Income,2,,,,1200000000.0,800000000.0,993930696.0,1.2,0.18,block 2
Commercial_trade,COMMERCIAL RM- TRADE,Gladys Wambui,GW3961,Q3_Aug_26,3,Financials (55.0%),New Customer (Min Turnover of 10M),As per assigned Target,0.1,New_Customers,1,,,12.0,12.0,8.0,2.0,0.25,0.025,block 1
Commercial_trade,COMMERCIAL RM- TRADE,Gladys Wambui,GW3961,Q3_Aug_26,4,Financials (55.0%),Loan Loss,As per assigned Target,0.05,PL_Charge,1,yes,-20053060.48668547,4010612.097337093,-16042448.389348377,-10694965.592898918,3094882.7734888857,1.2,0.06,block 1 NEGATED
Commercial_trade,COMMERCIAL RM- TRADE,Gladys Wambui,GW3961,Q3_Aug_26,5,Financials (55.0%),Net Loan Disbursments,As per assigned Target,0.05,Asset_Drawdown,1,,,240000000.0,240000000.0,160000000.0,86230000.0,0.5389375,0.026946875,block 1
Commercial_trade,COMMERCIAL RM- TRADE,Gladys Wambui,GW3961,Q3_Aug_26,6,Group Synergies (23.0%),Number of Property,Achieve property sales as per assigned targets,0.05,Plot_Sales_Volume,1,,,3.0,3.0,2.0,0.0,0.0,0.0,"ACTUAL is 0 - matches block(s) [1, 2, 3], cannot tell them apart"
Commercial_trade,COMMERCIAL RM- TRADE,Gladys Wambui,GW3961,Q3_Aug_26,7,Group Synergies (23.0%),Value of Property Sales,Achieve property sales as per assigned targets,0.05,Plot_Sales_Value,1,,,24600000.0,24600000.0,16400000.0,0.0,0.0,0.0,"ACTUAL is 0 - matches block(s) [1, 2, 3], cannot tell them apart"
Commercial_trade,COMMERCIAL RM- TRADE,Gladys Wambui,GW3961,Q3_Aug_26,8,Group Synergies (23.0%),VIC Premiums,life policies as per assigned target,0.05,Banca_Assurance_Income,2,,,,7639292.705078125,1461380.78125,0.0,0.0,0.0,"ACTUAL is 0 - matches block(s) [2], cannot tell them apart"
Commercial_trade,COMMERCIAL RM- TRADE,Gladys Wambui,GW3961,Q3_Aug_26,9,Group Synergies (23.0%),,non-life as per assigned Target,0.05,Banca_Assurance_Income,3,,,,7639292.705078125,5092862.0,744599.0,0.1462044327924063,0.0073102216396203155,block 3 (also [4])
Commercial_trade,COMMERCIAL RM- TRADE,Gladys Wambui,GW3961,Q3_Aug_26,10,Group Synergies (23.0%),Other Bancassurance Premiums,Renewals and other banca products as per assigned target,0.03,Banca_Assurance_Income,5,,,,7639292.705078125,5092861.803385417,3052638.0,0.5993954122161329,0.017981862366483987,block 5
Commercial_trade,COMMERCIAL RM- TRADE,Gladys Wambui,GW3961,Q3_Aug_26,11,Portfolio Management (15.0%),Portfolo NPS,Achieve 60% and above,0.05,NPS,1,,,,0.6,0.6,0.19047619047619047,0.31746031746031744,0.015873015873015872,block 1
Commercial_trade,COMMERCIAL RM- TRADE,Gladys Wambui,GW3961,Q3_Aug_26,12,Portfolio Management (15.0%),Deposits(Energy&Water),As per assigned Target,0.04,sector_deposits,1,,370979678.14000016,2000000000.0,2370979678.1400003,1580653118.7600002,-51720534.43000001,0.0,0.0,block 1
Commercial_trade,COMMERCIAL RM- TRADE,Gladys Wambui,GW3961,Q3_Aug_26,13,Portfolio Management (15.0%),Deposits(Portfolio),As per assigned Target,0.06,Deposit_Growth_Retail,1,,77004667.04999998,208800000.0,285804667.04999995,190536444.69999996,5537221.270000011,0.02906121859636028,0.0017436731157816168,block 1
Commercial_trade,COMMERCIAL RM- TRADE,Gladys Wambui,GW3961,Q3_Aug_26,14,Staff Engagement (7.0%),Training,Training hours for team,0.05,training_hours,1,,,,48.0,32.0,69.0,1.0,0.05,block 1
Commercial_trade,COMMERCIAL RM- TRADE,Gladys Wambui,GW3961,Q3_Aug_26,15,Staff Engagement (7.0%),Leave magement,Clear leave days before EOY,0.02,Leave_management,1,,,,1.0,0.6666666666666666,0.5555555555555556,0.8333333333333334,0.016666666666666666,block 1
Commercial_trade,COMMERCIAL RM- TRADE,Gladys Wambui,GW3961,Q3_Aug_26,16,Bonus Points (2.5%),PAR,Per assigned target,0.025,PAR,1,,,,0.025,0.025,0.009554261711888664,1.2,0.03,block 1
